<?xml version="1.0" encoding="UTF-8"?>
<root>
  <item name="dji.v5.ux.remotecontroller.calibration.OnCalibrationListener void onCalibrationCanceled(int) 0">
    <annotation name="androidx.annotation.IntDef">
      <val name="value" val="{dji.v5.ux.remotecontroller.calibration.OnCalibrationListener.TYPE_STICK, dji.v5.ux.remotecontroller.calibration.OnCalibrationListener.TYPE_WHEEL}" />
    </annotation>
  </item>
  <item name="dji.v5.ux.remotecontroller.calibration.OnCalibrationListener void onCalibrationFinished(int) 0">
    <annotation name="androidx.annotation.IntDef">
      <val name="value" val="{dji.v5.ux.remotecontroller.calibration.OnCalibrationListener.TYPE_STICK, dji.v5.ux.remotecontroller.calibration.OnCalibrationListener.TYPE_WHEEL}" />
    </annotation>
  </item>
  <item name="dji.v5.ux.remotecontroller.calibration.OnCalibrationListener.RcPartType">
    <annotation name="androidx.annotation.IntDef">
      <val name="value" val="{dji.v5.ux.remotecontroller.calibration.OnCalibrationListener.TYPE_STICK, dji.v5.ux.remotecontroller.calibration.OnCalibrationListener.TYPE_WHEEL}" />
    </annotation>
  </item>
</root>

